{
    "best-products": [
      {
        "id": 1,
        "kode": "A-01",
        "nama": "beras",
        "harga": 250000,
        "is_ready": true,
        "gambar": "beras.jpg"
      },
      {
        "id": 2,
        "kode": "A-02",
        "nama": "gula",
        "harga": 18000,
        "is_ready": true,
        "gambar": "gula.jpg"
      },
      {
        "id": 3,
        "kode": "A-03",
        "nama": "kecep",
        "harga": 12000,
        "is_ready": true,
        "gambar": "kecap.jpg"
      }
    ],
    "products": [
      {
        "id": 1,
        "kode": "A-01",
        "nama": "masako",
        "harga": 12000,
        "is_ready": true,
        "gambar": "masako.jpg"
      },
      {
        "id": 2,
        "kode": "A-02",
        "nama": "minyak",
        "harga": 26000,
        "is_ready": true,
        "gambar": "minyak.jpg"
      },
      {
        "id": 3,
        "kode": "A-03",
        "nama": "telur",
        "harga": 24000,
        "is_ready": true,
        "gambar": "telur.jpg"
      }
    ],
    "keranjangs": [
      {
        "jumlah_pemesanan": "1",
        "products": {
          "id": 2,
          "kode": "A-02",
          "nama": "gula",
          "harga": 18000,
          "is_ready": true,
          "gambar": "gula.jpg"
        },
        "id": 1
      }
    ],
    "pesanans": [
      {
        "nama": "Agus Aryawan",
        "keranjangs": [
          {
            "jumlah_pemesanan": "1",
            "keterangan": "berkualitas",
            "products": {
              "id": 1,
              "kode": "A-01",
              "nama": "beras",
              "harga": 250000,
              "is_ready": true,
              "gambar": "beras.jpg"
            },
            "id": 1
          },
          {
            "jumlah_pemesanan": "1",
            "products": {
              "id": 2,
              "kode": "A-02",
              "nama": "gula",
              "harga": 18000,
              "is_ready": true,
              "gambar": "gula.jpg"
            },
            "id": 2
          }
        ],
        "id": 1
      }
    ]
  }